{
   "bindings" : {
      "/actions/noevr" : {
         "poses" : [
            {
               "output" : "/actions/noevr/in/hand_left",
               "path" : "/user/hand/left/pose/raw"
            },
            {
               "output" : "/actions/noevr/in/hand_right",
               "path" : "/user/hand/right/pose/raw"
            }
         ],
         "haptics" : [
            {
               "output" : "/actions/noevr/out/haptic_right",
               "path" : "/user/hand/right/output/haptic"
            },
            {
               "output" : "/actions/noevr/out/haptic_left",
               "path" : "/user/hand/left/output/haptic"
            }
         ],
         "sources" : [
            {
               "inputs" : {
                  "click" : {
                     "output" : "/actions/noevr/in/grabright"
                  }
               },
               "mode" : "button",
               "path" : "/user/hand/right/input/trigger"
            },
            {
               "inputs" : {
                  "position" : {
                     "output" : "/actions/noevr/in/analoginputright"
                  }
               },
               "mode" : "trackpad",
               "path" : "/user/hand/right/input/trackpad"
            },
            {
               "inputs" : {
                  "position" : {
                     "output" : "/actions/noevr/in/analoginputleft"
                  }
               },
               "mode" : "trackpad",
               "path" : "/user/hand/left/input/trackpad"
            },
            {
               "inputs" : {
                  "click" : {
                     "output" : "/actions/noevr/in/gripright"
                  }
               },
               "mode" : "button",
               "path" : "/user/hand/right/input/grip"
            },
            {
               "inputs" : {
                  "click" : {
                     "output" : "/actions/noevr/in/grableft"
                  }
               },
               "mode" : "button",
               "path" : "/user/hand/left/input/trigger"
            },
            {
               "inputs" : {
                  "click" : {
                     "output" : "/actions/noevr/in/gripleft"
                  }
               },
               "mode" : "button",
               "path" : "/user/hand/left/input/grip"
            },
            {
               "inputs" : {
                  "click" : {
                     "output" : "/actions/noevr/in/menuleft"
                  }
               },
               "mode" : "button",
               "path" : "/user/hand/left/input/application_menu"
            },
            {
               "inputs" : {
                  "click" : {
                     "output" : "/actions/noevr/in/menuright"
                  }
               },
               "mode" : "button",
               "path" : "/user/hand/right/input/application_menu"
            }
         ]
      }
   },
   "controller_type" : "generic",
   "description" : "Bindings for the Noesis OpenVR generic controller implementation",
   "name" : "Noesis VR bindings for a generic controller"
}
